{
  "agent_id": "composer_cursor",
  "E_history": [
    0.62624242140582
  ],
  "I_history": [
    0.8583473984968294
  ],
  "S_history": [
    0.22120946833954913
  ],
  "V_history": [
    -0.012,
    -0.022831500000000005,
    -0.032577369010950936,
    -0.04131645166726619,
    -0.049121973529624476,
    -0.056062173203433256,
    -0.06220042453103114,
    -0.06759586522439126,
    -0.07230342959420126
  ],
  "coherence_history": [
    1.0,
    0.39938259806261767,
    0.39235769419643907,
    0.3792742651911733,
    0.3762878424199886,
    0.3637446002986595,
    0.36083151325123486,
    0.3488087036731512,
    0.3459723273888945
  ],
  "risk_history": [
    0.29206248878909224,
    0.28612228628662845,
    0.4802452253968864,
    0.28609350538777384,
    0.49114441819189614,
    0.284790594850447,
    0.4957498416539819,
    0.283341037295968,
    0.5003674176265797
  ],
  "decision_history": [
    "approve",
    "reject",
    "reject",
    "reject",
    "reject",
    "reject",
    "reject",
    "reject",
    "reject"
  ],
  "lambda1_final": 0.15,
  "total_updates": 9,
  "total_time": 0.8999999999999999
}