{
  "agent_id": "composer_cursor",
  "E_history": [
    0.7452288218275589
  ],
  "I_history": [
    0.7868430935686728
  ],
  "S_history": [
    0.014779925658104282
  ],
  "V_history": [
    -0.012,
    -0.022831500000000005,
    -0.0325790561780458,
    -0.041321543643837846,
    -0.049132290497519604,
    -0.056079468802952864,
    -0.06222655115004658,
    -0.06763263903842426,
    -0.07235272065601893,
    -0.07643804888516167,
    -0.07993632619008126,
    -0.0828921357078738,
    -0.08534695557727542,
    -0.08733945636303776,
    -0.08890561097770275,
    -0.09007905243887983,
    -0.09089110808321377,
    -0.09137098168986202,
    -0.09154591009701575,
    -0.09144129973138396,
    -0.09108075430716954,
    -0.09048628895754847,
    -0.08967832589254279,
    -0.0886759157994013,
    -0.08749684159817017,
    -0.08615758745008437,
    -0.08467343805260515,
    -0.08305861138216411,
    -0.08132640823215714,
    -0.07948906238205969
  ],
  "coherence_history": [
    1.0,
    0.7093507069670928,
    0.7279747304641203,
    0.7463795916822819,
    0.745847781435164,
    0.7599622152077044,
    0.7791487486508802,
    0.7676124015157323,
    0.77009378247561,
    0.7451215254871376,
    0.7753602112619153,
    0.7725120618165364,
    0.7724410907597067,
    0.7359801019519501,
    0.7451836517542725,
    0.7439474804829844,
    0.744594977551052,
    0.7543234278060074,
    0.7785843872022289,
    0.7715651709479786,
    0.77775723424692,
    0.7505276215864592,
    0.744557515240774,
    0.7647539575909338,
    0.7608145482878622,
    0.7405260658036223,
    0.7287798914977865,
    0.7569832463978055,
    0.7398031926560746,
    0.7271984457777494
  ],
  "risk_history": [
    0.09385304652631833,
    0.1810478344361905,
    0.17546062738708224,
    0.16993916902163378,
    0.17009871209576916,
    0.16586438196400702,
    0.16010842193105426,
    0.16356932607159863,
    0.16282491178363534,
    0.1703241537844577,
    0.2513059115614703,
    0.25216035639508394,
    0.25218164771213286,
    0.26311994435445984,
    0.2603588794137631,
    0.26072973079514955,
    0.2605354816747293,
    0.2576169465982427,
    0.2503386587793762,
    0.2524444236556513,
    0.3105258762522423,
    0.31869476005038055,
    0.32048579195408616,
    0.3144268592490382,
    0.3156086820399597,
    0.32169522678523166,
    0.3252190790769824,
    0.3167580726069767,
    0.32191208872949595,
    0.3256935127929935
  ],
  "decision_history": [
    "approve",
    "approve",
    "approve",
    "approve",
    "approve",
    "approve",
    "approve",
    "approve",
    "approve",
    "approve",
    "approve",
    "approve",
    "approve",
    "approve",
    "approve",
    "approve",
    "approve",
    "approve",
    "approve",
    "approve",
    "revise",
    "revise",
    "revise",
    "revise",
    "revise",
    "revise",
    "revise",
    "revise",
    "revise",
    "revise"
  ],
  "lambda1_final": 0.12568277133192984,
  "total_updates": 30,
  "total_time": 3.0000000000000013
}