{
  "agent_id": "denouement_agent",
  "E_history": [
    0.7526911898066747
  ],
  "I_history": [
    0.7697496617744831
  ],
  "S_history": [
    0.0
  ],
  "V_history": [
    -0.012,
    -0.022831500000000005,
    -0.03257933046969991,
    -0.041322310886138816,
    -0.04913371979022342,
    -0.056081720721890695,
    -0.06222974897149627,
    -0.06763686361677416,
    -0.07235806858640645,
    -0.07644460585611876,
    -0.07994422380304396,
    -0.08290142322962858,
    -0.08535768355811948,
    -0.08735167122538882,
    -0.08891943193465883,
    -0.0900945680111018,
    -0.09090840233448241,
    -0.09139012993358953,
    -0.09156695862419337,
    -0.09146423975533387,
    -0.09110558987249703,
    -0.09051300381869605,
    -0.08970695993528016,
    -0.0887065179120831,
    -0.08752941010104526,
    -0.08619212695908336,
    -0.08470999706942633,
    -0.0830972619878618,
    -0.08136714605716848,
    -0.07953192162894175,
    -0.07760297007116793,
    -0.0755908391070183,
    -0.0735052967839206,
    -0.07135538218646283,
    -0.0691494527926725
  ],
  "coherence_history": [
    1.0,
    0.9881452679558557,
    0.9910346636915418,
    0.9961264734914711,
    0.9978085182111829,
    0.9922981312784459,
    0.9886879768252076,
    0.9880655737677105,
    0.9899512279514157,
    0.9945245151313327,
    0.9995372925810178,
    0.993716975116685,
    0.9894562578362665,
    0.9880485706039686,
    0.9890688904011037,
    0.9930342545392448,
    0.9987232948500777,
    0.995263393757373,
    0.9904352378638217,
    0.9880953438333336,
    0.9884047553173955,
    0.9916849613011268,
    0.9970121858499448,
    0.9969069489404468,
    0.9916059136657747,
    0.988370801535461,
    0.9881003391607752,
    0.9905030217801426,
    0.99536361966199,
    0.9986151338443376,
    0.9929454856394924,
    0.9890208239508977,
    0.9880496363500225,
    0.9895114601384719,
    0.9938102123324413
  ],
  "risk_history": [
    0.1537413019908709,
    0.15787303225043925,
    0.1574406680651778,
    0.15610035392735444,
    0.15548990343970687,
    0.1567700291802619,
    0.1573042529529805,
    0.1569006899873302,
    0.15584777061107669,
    0.15421826101312727,
    0.15273675478982407,
    0.15478691076803522,
    0.15657647574500652,
    0.15759222449824,
    0.15781636849185662,
    0.15696397530408143,
    0.15531889313464992,
    0.15612781810166143,
    0.15711262251686878,
    0.15722986719917093,
    0.1565743997654393,
    0.15518752839142114,
    0.1534450076908809,
    0.15362602440196502,
    0.15562299009239225,
    0.15715782495626543,
    0.15782275038968457,
    0.15756228647154435,
    0.15632829462196202,
    0.1552859856070535,
    0.156645351410066,
    0.1572901654867812,
    0.15698827680872035,
    0.15604107124134065,
    0.15445191100373734
  ],
  "lambda1_final": 0.2,
  "total_updates": 35,
  "total_time": 3.5000000000000018
}