{
  "agent_id": "export_test",
  "E_history": [
    0.6359902631249204
  ],
  "I_history": [
    0.8545198587112587
  ],
  "S_history": [
    0.2004242600410404
  ],
  "V_history": [
    -0.012,
    -0.022831500000000005,
    -0.0325791461736502,
    -0.0413217625318782,
    -0.0491326736148271,
    -0.056080032157200484,
    -0.062227282089040915,
    -0.0676334813733111,
    -0.0723536303747023,
    -0.07643898617017289
  ],
  "coherence_history": [
    1.0,
    0.7545980545566922,
    0.7517537527289687,
    0.7722732612307787,
    0.7617940410558356,
    0.7617468765860612,
    0.7567403161067605,
    0.7506773395443885,
    0.7535001485416916,
    0.7578409512227822
  ],
  "risk_history": [
    0.09370476499265988,
    0.18232534862565225,
    0.19817863917396927,
    0.20702278662342627,
    0.22516655267590918,
    0.2401807020168415,
    0.25668267016063173,
    0.2735015631293433,
    0.2876547204301524,
    0.30135975891015154
  ],
  "decision_history": [
    "approve",
    "approve",
    "approve",
    "approve",
    "approve",
    "approve",
    "approve",
    "approve",
    "approve",
    "revise"
  ],
  "lambda1_final": 0.14327614268341732,
  "total_updates": 10,
  "total_time": 0.9999999999999999
}