{
  "E": 0.702,
  "I": 0.809,
  "S": 0.189,
  "V": -0.0030000000000000027,
  "coherence": 0.4985000044999838,
  "lambda1": 0.125,
  "void_active": false,
  "time": 0.1,
  "update_count": 1,
  "unitaires_state": {
    "E": 0.702,
    "I": 0.809,
    "S": 0.189,
    "V": -0.0030000000000000027
  },
  "unitaires_theta": {
    "C1": 1.0,
    "eta1": 0.3
  },
  "regime": "EXPLORATION",
  "regime_history": [
    "EXPLORATION"
  ],
  "locked_persistence_count": 0,
  "E_history": [
    0.702
  ],
  "I_history": [
    0.809
  ],
  "S_history": [
    0.189
  ],
  "V_history": [
    -0.0030000000000000027
  ],
  "coherence_history": [
    0.4985000044999838
  ],
  "risk_history": [
    0.436390832860835
  ],
  "lambda1_history": [
    0.125
  ],
  "decision_history": [
    "proceed"
  ],
  "timestamp_history": [
    "2025-12-12T04:26:47.224416"
  ],
  "pi_integral": 0.0
}