{
  "agent_id": "claude_opus_4.1",
  "E_history": [
    0.5339849375
  ],
  "I_history": [
    0.8893546308630779
  ],
  "S_history": [
    0.41842999856008295
  ],
  "V_history": [
    -0.012,
    -0.022831500000000005
  ],
  "coherence_history": [
    1.0,
    1.0
  ],
  "risk_history": [
    0.09445396985188723,
    0.1244106294570434
  ],
  "decision_history": [
    "approve",
    "approve"
  ],
  "lambda1_final": 0.15,
  "total_updates": 2,
  "total_time": 0.2
}