{
  "agent_id": "claude_code_cli",
  "E_history": [
    0.5495227747023913
  ],
  "I_history": [
    0.8843908138799735
  ],
  "S_history": [
    0.3825196875093899
  ],
  "V_history": [
    -0.012,
    -0.022831500000000005,
    -0.03257923765089234
  ],
  "coherence_history": [
    1.0,
    0.8187307530779817,
    0.9048374180359595
  ],
  "risk_history": [
    0.09374130199087091,
    0.23835662136520952,
    0.15243216819837122
  ],
  "decision_history": [
    "approve",
    "approve",
    "approve"
  ],
  "lambda1_final": 0.15,
  "total_updates": 3,
  "total_time": 0.30000000000000004
}