{
  "agent_id": "claude_chat",
  "E_history": [
    0.6256869170106316
  ],
  "I_history": [
    0.8583823018821767
  ],
  "S_history": [
    0.22029058647075445
  ],
  "V_history": [
    -0.012,
    -0.022831500000000005,
    -0.03257933080089234,
    -0.04132231171520001,
    -0.04913372111143699,
    -0.05608172250421405,
    -0.06222975132902299,
    -0.06763686684178796,
    -0.07235807299226772
  ],
  "coherence_history": [
    1.0,
    1.0,
    1.0,
    1.0,
    1.0,
    1.0,
    1.0,
    1.0,
    1.0
  ],
  "risk_history": [
    0.09453303364911629,
    0.12435916490809479,
    0.15477853788211654,
    0.0945507886925608,
    0.18474136474151975,
    0.12435916490809479,
    0.15469529493235698,
    0.10946268773980644,
    0.1397506314898958
  ],
  "decision_history": [
    "approve",
    "approve",
    "approve",
    "approve",
    "approve",
    "approve",
    "approve",
    "approve",
    "approve"
  ],
  "lambda1_final": 0.15,
  "total_updates": 9,
  "total_time": 0.8999999999999999
}