{
  "agent_id": "claude_chat",
  "E_history": [
    0.5779628131399219
  ],
  "I_history": [
    0.8750744877144067
  ],
  "S_history": [
    0.31913687476067965
  ],
  "V_history": [
    -0.012,
    -0.022831500000000005,
    -0.03257933080089234,
    -0.04132231171520001,
    -0.04913372111143699
  ],
  "coherence_history": [
    1.0,
    1.0,
    1.0,
    1.0,
    1.0
  ],
  "risk_history": [
    0.15485373899076516,
    0.09411052435397899,
    0.27410247998575965,
    0.2891185841644056,
    0.3041509783957216
  ],
  "decision_history": [
    "approve",
    "approve",
    "approve",
    "approve",
    "revise"
  ],
  "lambda1_final": 0.15,
  "total_updates": 5,
  "total_time": 0.5
}