{
  "agent_id": "claude_chat",
  "E_history": [
    0.6256869170106316
  ],
  "I_history": [
    0.8583823018821767
  ],
  "S_history": [
    0.22029058647075445
  ],
  "V_history": [
    -0.012,
    -0.022831500000000005,
    -0.03257933080089234,
    -0.04132231171520001,
    -0.04913372111143699,
    -0.05608172250421405,
    -0.06222975132902299,
    -0.06763686684178796,
    -0.07235807299226772
  ],
  "coherence_history": [
    1.0,
    1.0,
    1.0,
    1.0,
    1.0,
    1.0,
    1.0,
    1.0,
    1.0
  ],
  "risk_history": [
    0.2156610192621855,
    0.24546631830126833,
    0.2747785378821166,
    0.2893677013762279,
    0.30428306722717563,
    0.21493971994973718,
    0.15459547398200513,
    0.09472288412674956,
    0.06483483121573821
  ],
  "decision_history": [
    "approve",
    "approve",
    "approve",
    "approve",
    "revise",
    "approve",
    "approve",
    "approve",
    "approve"
  ],
  "lambda1_final": 0.15,
  "total_updates": 9,
  "total_time": 0.8999999999999999
}