{
  "agent_id": "composer_assistant_26252",
  "E_history": [
    0.6455982638058899
  ],
  "I_history": [
    0.8507639257576795
  ],
  "S_history": [
    0.18201082624229994
  ],
  "V_history": [
    -0.012,
    -0.022831500000000005,
    -0.03257933080089234,
    -0.04132231171520001,
    -0.04913372111143699,
    -0.05608172250421405,
    -0.06222975132902299,
    -0.06763686684178796,
    -0.07235807299226772,
    -0.07644461161872336,
    -0.07994423088390508
  ],
  "coherence_history": [
    1.0,
    1.0,
    1.0,
    1.0,
    1.0,
    1.0,
    1.0,
    1.0,
    1.0,
    1.0,
    1.0
  ],
  "risk_history": [
    0.15447142230132122,
    0.1544452686072521,
    0.15431672667002647,
    0.1546224905184095,
    0.15420826940409366,
    0.15425799124487005,
    0.15423305889906716,
    0.24473211563109223,
    0.27471367019667897,
    0.28967698958464,
    0.28970447380911846
  ],
  "decision_history": [
    "approve",
    "approve",
    "approve",
    "approve",
    "approve",
    "approve",
    "approve",
    "approve",
    "approve",
    "approve",
    "approve"
  ],
  "lambda1_final": 0.17959999999999998,
  "total_updates": 11,
  "total_time": 1.0999999999999999
}