{
  "agent_id": "composer_assistant_26252",
  "E_history": [
    0.5495190690018615
  ],
  "I_history": [
    0.8843908738799736
  ],
  "S_history": [
    0.3825126675093899
  ],
  "V_history": [
    -0.012,
    -0.022831500000000005,
    -0.03257933080089234
  ],
  "coherence_history": [
    1.0,
    1.0,
    1.0
  ],
  "risk_history": [
    0.15447142230132122,
    0.1544452686072521,
    0.15431672667002647
  ],
  "decision_history": [
    "approve",
    "approve",
    "approve"
  ],
  "lambda1_final": 0.15,
  "total_updates": 3,
  "total_time": 0.30000000000000004
}