{
  "agent_id": "composer_cursor",
  "E_history": [
    0.7046714632933951
  ],
  "I_history": [
    0.8229238264226684
  ],
  "S_history": [
    0.0799726490833054
  ],
  "V_history": [
    -0.012,
    -0.022831500000000005,
    -0.032577369010950936,
    -0.04131645166726619,
    -0.049121973529624476,
    -0.056062173203433256,
    -0.06220042453103114,
    -0.06759586522439126,
    -0.07230342959420126,
    -0.07637444172316349,
    -0.0798590326753401,
    -0.08280259849620518,
    -0.0852465248277686,
    -0.08722938784227406,
    -0.08878713804587389,
    -0.08995328283483331,
    -0.09075904843425882,
    -0.09123353551055122,
    -0.0914038581878174
  ],
  "coherence_history": [
    1.0,
    0.39938259806261767,
    0.39235769419643907,
    0.3792742651911733,
    0.3762878424199886,
    0.3637446002986595,
    0.36083151325123486,
    0.3488087036731512,
    0.3459723273888945,
    0.5646251788442546,
    0.9424308734888585,
    0.950492279143315,
    0.9497667789960371,
    0.9182931208168598,
    0.887592622074528,
    0.8554522949628658,
    0.8268028115305217,
    0.7990717954962316,
    0.772246936553461
  ],
  "risk_history": [
    0.29206248878909224,
    0.28612228628662845,
    0.4802452253968864,
    0.28609350538777384,
    0.49114441819189614,
    0.284790594850447,
    0.4957498416539819,
    0.283341037295968,
    0.5003674176265797,
    0.3145572385984561,
    0.2162465852419465,
    0.20485945806373143,
    0.2229993202907266,
    0.20850352825723859,
    0.24779266974740316,
    0.22133237265795574,
    0.2719584521701959,
    0.23223875129617116,
    0.2943330608406876
  ],
  "decision_history": [
    "approve",
    "reject",
    "reject",
    "reject",
    "reject",
    "reject",
    "reject",
    "reject",
    "reject",
    "reject",
    "approve",
    "approve",
    "approve",
    "approve",
    "approve",
    "approve",
    "approve",
    "approve",
    "approve"
  ],
  "lambda1_final": 0.11429377682663819,
  "total_updates": 19,
  "total_time": 1.9000000000000006
}