{
  "E": 0.7185232896253698,
  "I": 0.8579933164094782,
  "S": 0.11101327198551804,
  "V": -0.01917711401164699,
  "coherence": 0.6432888327791797,
  "lambda1": 0.09,
  "void_active": false,
  "time": 0.6,
  "update_count": 6,
  "unitaires_state": {
    "E": 0.7185232896253698,
    "I": 0.8579933164094782,
    "S": 0.11101327198551804,
    "V": -0.01917711401164699
  },
  "unitaires_theta": {
    "C1": 1.0,
    "eta1": 0.3
  },
  "E_history": [
    0.702,
    0.704464955,
    0.7073724746056249,
    0.7107008249161546,
    0.7144257835482545,
    0.7185232896253698
  ],
  "I_history": [
    0.809,
    0.8182769801349996,
    0.8278231757666369,
    0.8376312914546147,
    0.8476913556530713,
    0.8579933164094782
  ],
  "S_history": [
    0.1815045,
    0.1644961399775001,
    0.14896777359108077,
    0.1352260029438534,
    0.12331168070773472,
    0.11101327198551804
  ],
  "V_history": [
    -0.0030000000000000027,
    -0.006090000000000005,
    -0.009260760754049994,
    -0.012503851358718353,
    -0.015811611300523422,
    -0.01917711401164699
  ],
  "coherence_history": [
    0.6489500031499886,
    0.6478685263507041,
    0.6467588263917279,
    0.6456238800854555,
    0.6444663971837065,
    0.6432888327791797
  ],
  "risk_history": [
    0.4261608149058423,
    0.3859038175754167,
    0.3982404006154055,
    0.4330897722400185,
    0.47809334155923705,
    0.35258100650791346
  ],
  "decision_history": [
    "revise",
    "revise",
    "revise",
    "revise",
    "revise",
    "revise"
  ]
}