{
  "agent_id": "cursor_ide",
  "E_history": [0.6359433568752554],
  "I_history": [0.8545234812062771],
  "S_history": [0.20034791969160426],
  "V_history": [
    -0.012,
    -0.022831500000000005,
    -0.03257933080089234,
    -0.04132231171520001,
    -0.04913372111143699,
    -0.05608172250421405,
    -0.06222975132902299,
    -0.06763686684178796,
    -0.07235807299226772,
    -0.07644461161872336
  ],
  "coherence_history": [
    1.0,
    1.0,
    1.0,
    1.0,
    1.0,
    1.0,
    1.0,
    1.0,
    1.0,
    1.0
  ],
  "risk_history": [
    0.1535972419924183,
    0.1535972419924183,
    0.1535972419924183,
    0.1535972419924183,
    0.1535972419924183,
    0.1535972419924183,
    0.1535972419924183,
    0.1535972419924183,
    0.1535972419924183,
    0.1535972419924183
  ],
  "decision_history": [
    "approve",
    "approve",
    "approve",
    "approve",
    "approve",
    "approve",
    "approve",
    "approve",
    "approve",
    "approve"
  ],
  "lambda1_final": 0.17959999999999998,
  "total_updates": 10,
  "total_time": 0.9999999999999999
}

