{
  "agent_id": "haiku-governance-primary",
  "E_history": [
    0.912049555335273
  ],
  "I_history": [
    1.0
  ],
  "S_history": [
    0.0
  ],
  "V_history": [
    -0.0030000000000000027,
    -0.006090000000000005,
    -0.009260760754049992,
    -0.012503851380202043,
    -0.015811611406738212,
    -0.019177114892019655,
    -0.022594136574476016,
    -0.02605712001573039,
    -0.029561147705716655,
    -0.03310191310413459,
    -0.03667569459790922,
    -0.040279333257996486,
    -0.04391020688446022,
    -0.047566211448593514,
    -0.05124574262157903,
    -0.05494767920294836,
    -0.05867136846575669,
    -0.06241661344376041,
    -0.06611318328547844,
    -0.06942051352373033,
    -0.07236261735563043,
    -0.07496230938329913,
    -0.07724125481381625,
    -0.07922001732149753,
    -0.08091810554392868,
    -0.0823540181941661,
    -0.08354558886351424,
    -0.08451006745020385,
    -0.08526371480777668,
    -0.08582185426882336,
    -0.08619892062929385,
    -0.0864085067140966,
    -0.08646340763910826,
    -0.08637566287937642,
    -0.08615659624820057,
    -0.08581685388691178,
    -0.08536644036052897,
    -0.08481475295003772,
    -0.08417061422780893
  ],
  "coherence_history": [
    0.6489500031499886,
    0.6478685263507041,
    0.4848695729685392,
    0.4371187106912551,
    0.5440697824818019,
    0.6118375101712912,
    0.6044579369842581,
    0.4245523967708098,
    0.4763814993397931,
    0.5132870613251876,
    0.6264346805311046,
    0.5355150336267978,
    0.5434910831257533,
    0.6191887592140048,
    0.6320819566390699,
    0.630790090206941,
    0.6142068862782086,
    0.6281852866510461,
    0.6268969803678222,
    0.6063786945833264,
    0.6053544933552165,
    0.6108462586857615,
    0.6100533375063839,
    0.5978225737802694,
    0.5972321172004784,
    0.6212450138131733,
    0.5509546782709395,
    0.5742950460776227,
    0.5798189582899258,
    0.5979329142633887,
    0.6042055600098044,
    0.6145794909986442,
    0.6119667133493369,
    0.6124405738896257,
    0.614666994672481,
    0.6121913058938662,
    0.6149414879171418,
    0.6125394534581869,
    0.605761362190405
  ],
  "risk_history": [
    0.41530700564755985,
    0.4127597296976724,
    0.44736476664095615,
    0.3818172244526881,
    0.37451841557256155,
    0.35301911618728327,
    0.3250391729840999,
    0.4018981980198134,
    0.3471941606401135,
    0.3066716133466978,
    0.29075193464880467,
    0.32028620073694486,
    0.283344756662421,
    0.2683014407992982,
    0.25875316843321106,
    0.24600242028954847,
    0.2437843816978343,
    0.23002173750448043,
    0.22499556178736674,
    0.2254552561746571,
    0.22420944583479696,
    0.2223110979514507,
    0.22103576242810988,
    0.22094866453145667,
    0.2199240807979834,
    0.216844065797424,
    0.22144461225152667,
    0.2194231930736046,
    0.21814272803967483,
    0.2156245333131504,
    0.21429923213996588,
    0.21243443174072016,
    0.2118795236406546,
    0.21106248143144005,
    0.2100362967881411,
    0.20949715240827635,
    0.20847245004693532,
    0.20787499940646315,
    0.2077850704764987
  ],
  "decision_history": [
    "revise",
    "revise",
    "reject",
    "reject",
    "reject",
    "revise",
    "revise",
    "reject",
    "reject",
    "reject",
    "approve",
    "reject",
    "reject",
    "approve",
    "approve",
    "approve",
    "approve",
    "approve",
    "approve",
    "approve",
    "approve",
    "approve",
    "approve",
    "reject",
    "reject",
    "approve",
    "reject",
    "reject",
    "reject",
    "reject",
    "approve",
    "approve",
    "approve",
    "approve",
    "approve",
    "approve",
    "approve",
    "approve",
    "approve"
  ],
  "lambda1_final": 0.08997563852460169,
  "total_updates": 39,
  "total_time": 3.900000000000002
}