{
  "agent_id": "hikewa_unitares_governance",
  "E_history": [
    0.702,
    0.704465,
    0.707372606005625,
    0.7107021968327996,
    0.71443482182798
  ],
  "I_history": [
    0.809,
    0.8182770251349996,
    0.82782330788276,
    0.8376326662242746,
    0.847700419879679
  ],
  "S_history": [
    0.1815,
    0.16448749997750006,
    0.14884372479108074,
    0.13445937804785338,
    0.12123388580346842
  ],
  "V_history": [
    -0.0030000000000000027,
    -0.006090000000000005,
    -0.009260760754049992,
    -0.012503851380202043,
    -0.015811611406738212
  ],
  "coherence_history": [
    0.6489500031499886,
    0.6478685263507041,
    0.6467588263917279,
    0.6456238800779373,
    0.6444663971465406
  ],
  "risk_history": [
    0.42430700564755985,
    0.4124275601526623,
    0.40089487832895127,
    0.38966626103050234,
    0.3697019827557257
  ],
  "decision_history": [
    "revise",
    "revise",
    "revise",
    "revise",
    "revise"
  ],
  "lambda1_final": 0.09,
  "total_updates": 5,
  "total_time": 0.5
}