{
  "E": 0.702,
  "I": 0.809,
  "S": 0.1815,
  "V": -0.0030000000000000027,
  "coherence": 0.4985000044999838,
  "lambda1": 0.09,
  "void_active": false,
  "time": 0.1,
  "update_count": 1,
  "unitaires_state": {
    "E": 0.702,
    "I": 0.809,
    "S": 0.1815,
    "V": -0.0030000000000000027
  },
  "unitaires_theta": {
    "C1": 1.0,
    "eta1": 0.3
  },
  "E_history": [
    0.702
  ],
  "I_history": [
    0.809
  ],
  "S_history": [
    0.1815
  ],
  "V_history": [
    -0.0030000000000000027
  ],
  "coherence_history": [
    0.4985000044999838
  ],
  "risk_history": [
    0.41110975961873114
  ],
  "decision_history": [
    "revise"
  ],
  "timestamp_history": [
    "2025-11-25T04:29:03.668396"
  ]
}